object_id,split,count,M,state_dim,state_min,state_max,field_shared_mean,field_shared_std
fhn32,train,80,1024,64,-1.8424395990495561,0.21558298882031934,[-1.2104988255422584,-0.6169708704800471],[0.053265228532917874,0.04495245939163558]
fhn32,val,20,1024,64,-1.8424395990495561,0.21558298882031934,[-1.2104988255422584,-0.6169708704800471],[0.053265228532917874,0.04495245939163558]
fhn32,test,20,1024,64,-1.8424395990495561,0.21558298882031934,[-1.2104988255422584,-0.6169708704800471],[0.053265228532917874,0.04495245939163558]
fhn64,train,80,1024,128,-1.8241912889349072,0.17291908558260713,[-1.2101095012765173,-0.6173737357417906],[0.051509311914135734,0.04240173270493027]
fhn64,val,20,1024,128,-1.8241912889349072,0.17291908558260713,[-1.2101095012765173,-0.6173737357417906],[0.051509311914135734,0.04240173270493027]
fhn64,test,20,1024,128,-1.8241912889349072,0.17291908558260713,[-1.2101095012765173,-0.6173737357417906],[0.051509311914135734,0.04240173270493027]
ks64,train,80,1024,64,-3.0941137789448083,3.08825972266992,[-1.7594870899216407e-16],[1.1914814165744962]
ks64,val,20,1024,64,-3.0941137789448083,3.08825972266992,[-1.7594870899216407e-16],[1.1914814165744962]
ks64,test,20,1024,64,-3.0941137789448083,3.08825972266992,[-1.7594870899216407e-16],[1.1914814165744962]
