trajectory_id,trajectory_index,energy_mean,energy_std,energy_min,energy_max,energy_early_mean,energy_late_mean,energy_late_minus_early
l96_nx40_complete_state_v1_traj_001,1,9.207194677120059,1.008769772141102,6.610911964235771,12.14947148993714,9.305556619622374,9.108928697488475,-0.19662792213389935
l96_nx40_complete_state_v1_traj_002,2,9.16347969842401,0.8862565756777435,6.314600258280391,12.072773656643708,9.28519889129511,9.041879255984984,-0.2433196353101259
l96_nx40_complete_state_v1_traj_003,3,9.434893685028719,0.8721576933546233,6.911339797994694,12.305560506691561,9.315113953371055,9.554556558411594,0.23944260504053894
l96_nx40_complete_state_v1_traj_004,4,9.261415071074957,0.8459175499682665,7.145424258236341,11.501539257327043,9.34774015096936,9.1751742107707,-0.172565940198659
l96_nx40_complete_state_v1_traj_005,5,9.449928881529253,0.8384613489814832,6.703989134080638,11.919703125935964,9.369490761327906,9.530288525515768,0.16079776418786196
l96_nx40_complete_state_v1_traj_006,6,9.428602389534724,1.012835826304428,7.111177548225837,12.422141932105747,9.3931024924505,9.464067652573013,0.07096516012251186
l96_nx40_complete_state_v1_traj_007,7,9.14064273748714,0.9572980820276179,6.643513158588941,11.870652615591156,9.24761486274139,9.033774975281911,-0.21383988745947846
l96_nx40_complete_state_v1_traj_008,8,9.419365903825272,0.9438980307852269,6.988355539511147,12.269914035766929,9.481408675199518,9.357383661984073,-0.12402501321544435
l96_nx40_complete_state_v1_traj_009,9,9.35994219811387,0.970424834824304,7.291625757621185,12.904889770297075,9.23361414747018,9.486147001878882,0.25253285440870243
l96_nx40_complete_state_v1_traj_010,10,9.222238810675567,0.9257217143126325,7.125780804749835,12.48541693032849,9.170647809608727,9.273779479058433,0.10313166944970575
l96_nx40_complete_state_v1_traj_011,11,9.1645237442465,0.9202596728007758,6.619859813803629,11.58245999163741,9.014983118334055,9.313918476865368,0.29893535853131326
l96_nx40_complete_state_v1_traj_012,12,9.46750381382029,0.9416850779642311,7.128942940090836,11.931939736822232,9.484192401779113,9.450831507410696,-0.033360894368417604
l96_nx40_complete_state_v1_traj_013,13,9.434962948347916,0.809528162603375,7.477702230116468,11.687184902111056,9.533246440403625,9.336775342625927,-0.19647109777769778
l96_nx40_complete_state_v1_traj_014,14,9.667116983639591,0.9364411860720299,6.945896927152704,11.942797847610507,9.657339471651724,9.67688495659138,0.019545484939655466
l96_nx40_complete_state_v1_traj_015,15,9.24265979247945,0.8840476936611779,7.011900590317557,11.758653546221954,9.267376890356086,9.217966808844649,-0.049410081511437554
l96_nx40_complete_state_v1_traj_016,16,9.41627096596026,0.9538616762475641,7.189068572450628,12.354240737877458,9.375128088689383,9.457373703838675,0.08224561514929185
l96_nx40_complete_state_v1_traj_017,17,9.269734478132545,0.9127578954981539,6.807798493890469,12.641847330468241,9.067717417786046,9.471554448664076,0.40383703087803013
l96_nx40_complete_state_v1_traj_018,18,9.550067536687623,1.030035623999068,6.687387103895324,12.63965198781445,9.338557312392977,9.761371409543933,0.4228140971509564
l96_nx40_complete_state_v1_traj_019,19,9.311117622577457,1.0155701947217484,6.100507968061681,12.066157829169073,9.663613725091452,8.958965418700064,-0.7046483063913875
l96_nx40_complete_state_v1_traj_020,20,9.36671829746353,0.933524355093958,6.568113081803736,11.916853676152213,9.323477536037155,9.4099168727812,0.08643933674404458
l96_nx40_complete_state_v1_traj_021,21,9.42378699234825,0.9565142545635167,6.334120449011036,12.022985777110856,9.358869611667231,9.488641038999342,0.1297714273321109
l96_nx40_complete_state_v1_traj_022,22,9.571976599990533,0.9328342667440189,7.220667527407865,11.844942102799358,9.47046802906615,9.673386138162796,0.20291810909664498
l96_nx40_complete_state_v1_traj_023,23,9.598188368306692,1.002267025592131,6.292419490655355,12.352522981044105,9.507893857560042,9.688394786847732,0.18050092928769068
l96_nx40_complete_state_v1_traj_024,24,9.466321856179965,0.9835985562694718,6.587555976733188,12.507602397326703,9.509216285776139,9.423469274807786,-0.08574701096835291
l96_nx40_complete_state_v1_traj_025,25,9.248002410308443,1.0204127003594203,6.586996882483082,11.914010883932972,9.38943248645615,9.10671031472284,-0.28272217173330993
l96_nx40_complete_state_v1_traj_026,26,9.5860439343208,1.0655556934813197,7.132246638147011,12.3631079042936,9.697603232037476,9.47459347494336,-0.22300975709411652
l96_nx40_complete_state_v1_traj_027,27,9.44243820168309,0.8503617330179672,7.224544283981887,11.779322340674122,9.586406496234602,9.298610364004317,-0.28779613223028555
l96_nx40_complete_state_v1_traj_028,28,9.471318993701123,0.8216101426972969,7.334936280836361,11.799661623496286,9.416768479578804,9.525816287809663,0.10904780823085858
l96_nx40_complete_state_v1_traj_029,29,9.359059056769027,0.912434626652367,6.945071518200659,12.122775168515194,9.423014224715377,9.295166284108474,-0.12784794060690352
l96_nx40_complete_state_v1_traj_030,30,9.23942932561622,0.9492775985349806,6.914739629524847,13.060196978918151,9.155103170564148,9.323673211248723,0.1685700406845747
l96_nx40_complete_state_v1_traj_031,31,9.41340970875003,0.8851814453940031,7.120635596085188,11.959078161255919,9.321896629698715,9.504833506748623,0.18293687704990802
l96_nx40_complete_state_v1_traj_032,32,9.28731187152269,0.9443656172433661,6.544504285151838,11.90984379814008,9.231255352592736,9.343313701165881,0.11205834857314478
l96_nx40_complete_state_v1_traj_033,33,9.380536052111408,1.1031291577347586,6.472459782204654,11.987523340856706,9.016213854077206,9.744502813854842,0.7282889597776361
l96_nx40_complete_state_v1_traj_034,34,9.412795574776812,0.8595355770956468,6.9620507344022045,12.008021878658187,9.525612111566112,9.300089102901456,-0.22552300866465558
l96_nx40_complete_state_v1_traj_035,35,9.212252690882751,0.9115610611198266,6.796378080580522,12.584621810877385,9.05086823618912,9.373479697327907,0.3226114611387878
l96_nx40_complete_state_v1_traj_036,36,9.39602916660145,0.9521988761343755,6.858735361077916,12.478301346764459,9.220738485641839,9.571148832262569,0.35041034662073045
l96_nx40_complete_state_v1_traj_037,37,9.298454242189731,0.820803999579474,6.815895483479467,11.763299445270535,9.353991757116573,9.242970910204281,-0.1110208469122913
l96_nx40_complete_state_v1_traj_038,38,9.309142931701237,0.9342416750215528,6.952889169782239,12.037433222677436,9.553945359887633,9.064579335152095,-0.4893660247355385
l96_nx40_complete_state_v1_traj_039,39,9.452051536265731,0.8738635219261962,6.834892302561519,12.577763251656425,9.476475473237176,9.427651427525479,-0.048824045711697295
l96_nx40_complete_state_v1_traj_040,40,9.31302258574912,0.9730645443144629,6.822769099370021,11.883050239389245,9.202206904168913,9.423730154469252,0.22152325030033992
l96_nx40_complete_state_v1_traj_041,41,9.317306312352793,0.9282680815009346,6.345363669716698,11.77665086979762,9.137013059411979,9.49742366943708,0.36041061002510055
l96_nx40_complete_state_v1_traj_042,42,9.432470883482036,0.8861640554438163,7.353144402866988,12.015391917233185,9.41022424021897,9.454695822702888,0.04447158248391858
l96_nx40_complete_state_v1_traj_043,43,9.625472298962421,0.9042880054500329,6.707217529625756,12.489640145680657,9.632107528649762,9.618843542669897,-0.013263985979865112
l96_nx40_complete_state_v1_traj_044,44,9.470970803112332,1.004142176523362,6.73232967046162,12.386976865799303,9.365868349198958,9.575970718046273,0.21010236884731448
l96_nx40_complete_state_v1_traj_045,45,9.387675206629957,0.9550397498108752,6.933206025803041,11.681499459200255,9.415043415371771,9.360333698579595,-0.05470971679217662
l96_nx40_complete_state_v1_traj_046,46,9.222622281169134,0.9089261417399676,7.05716735810321,11.996202851323723,9.255948634881161,9.189328440972925,-0.06662019390823559
l96_nx40_complete_state_v1_traj_047,47,9.281084675584607,0.9548845092019745,6.28364837617569,11.766411727808212,9.06250655622035,9.499449548003145,0.4369429917827947
l96_nx40_complete_state_v1_traj_048,48,9.331440410305698,0.8784835423714642,6.541391589171662,11.748620052628036,9.403292761740994,9.259658158725452,-0.14363460301554198
l96_nx40_complete_state_v1_traj_049,49,9.575710333768637,0.8359274337006952,7.366257459249896,12.084723637872376,9.823000536748916,9.32866138952297,-0.4943391472259453
l96_nx40_complete_state_v1_traj_050,50,9.48264314693196,1.059292190779757,6.485257785579941,12.117888112508668,9.597615461679704,9.36778300029616,-0.22983246138354296
l96_nx40_complete_state_v1_traj_051,51,9.5884383461264,1.003645683403538,6.854431934906868,12.66605910585611,9.580257099196785,9.59661161135169,0.01635451215490491
l96_nx40_complete_state_v1_traj_052,52,9.356559884067403,0.930055953158583,6.774888276151185,11.610852710031333,9.421884600847312,9.291298898718502,-0.13058570212881015
l96_nx40_complete_state_v1_traj_053,53,9.510234990909717,0.8483636109285163,7.0589810909367205,12.156011850821907,9.638059541342471,9.382535147355432,-0.25552439398703974
l96_nx40_complete_state_v1_traj_054,54,9.492181547205503,0.8015879735116853,7.20498056652139,11.638943300073159,9.444356078947216,9.539960356470369,0.0956042775231527
l96_nx40_complete_state_v1_traj_055,55,9.44008300165255,0.8828495978672704,7.180489854684102,12.215726363301098,9.302368336008204,9.577663311525528,0.2752949755173244
l96_nx40_complete_state_v1_traj_056,56,9.20952892999622,0.8852262833864813,7.14831763260095,11.57580683937529,9.327339552866121,9.091833244319366,-0.23550630854675525
l96_nx40_complete_state_v1_traj_057,57,9.431332982193682,0.8636036642908527,7.117802536783074,11.443562646151879,9.461436006097786,9.401259327093383,-0.060176679004403155
l96_nx40_complete_state_v1_traj_058,58,9.403168571955591,0.8785289922773456,6.5741699961730635,11.735205183302885,9.655695282121599,9.150888229311702,-0.5048070528098965
l96_nx40_complete_state_v1_traj_059,59,9.43148415829067,0.9788976118235158,6.423913959396098,12.399752172209684,9.548966186214539,9.31411674697941,-0.2348494392351288
l96_nx40_complete_state_v1_traj_060,60,9.45334397227081,1.0743800459615642,6.892929983421032,12.82821655809299,9.556143662217,9.350644574705058,-0.20549908751194224
l96_nx40_complete_state_v1_traj_061,61,9.41084768186815,0.889850218062228,7.171830496249099,13.286031603021948,9.565075594173905,9.2567702358183,-0.30830535835560546
l96_nx40_complete_state_v1_traj_062,62,9.128635685691041,0.9563710048096958,6.589141026166014,11.680466050014214,8.989807338274225,9.2673285908177,0.27752125254347426
l96_nx40_complete_state_v1_traj_063,63,9.432205882013278,0.873779626055569,6.775342579801726,12.186495886734972,9.384674414845321,9.479690977018143,0.0950165621728214
l96_nx40_complete_state_v1_traj_064,64,9.454460445445294,0.9039162991114954,7.0385822825204105,12.346475626093895,9.50728736710401,9.401685062246735,-0.10560230485727473
l96_nx40_complete_state_v1_traj_065,65,9.401496431774866,0.9149440904672419,6.530143553089036,11.93832806080081,9.419906237421145,9.3831045869146,-0.03680165050654516
l96_nx40_complete_state_v1_traj_066,66,9.395260404653031,0.8734831596147004,7.393344248905204,12.121914077584673,9.261902308047627,9.528488395798334,0.26658608775070647
l96_nx40_complete_state_v1_traj_067,67,9.499559623107958,0.9081120480927161,6.4938433958618065,12.035648000978249,9.460494543826886,9.538586590116564,0.0780920462896777
l96_nx40_complete_state_v1_traj_068,68,9.381542149390803,0.9243205875118496,7.055025115936893,11.895076605098767,9.334042834348173,9.428995123638268,0.09495228929009514
l96_nx40_complete_state_v1_traj_069,69,9.346424751560706,1.1315927404098765,6.843339941900621,13.606097454423864,9.361698019096691,9.331166384773532,-0.030531634323159196
l96_nx40_complete_state_v1_traj_070,70,9.411987901212706,0.9465736805743615,7.434781736535543,12.500481532905239,9.362155251285346,9.461771933920629,0.09961668263528267
l96_nx40_complete_state_v1_traj_071,71,9.163441435351087,0.9532127467288541,6.4659155860530575,11.714689327380118,9.28530092343896,9.041700834568662,-0.2436000888702985
l96_nx40_complete_state_v1_traj_072,72,9.380310260721926,0.9996615481630504,6.231574301633306,12.123514215642903,9.470420023982623,9.29028840942538,-0.18013161455724358
l96_nx40_complete_state_v1_traj_073,73,9.38189507769216,1.0296407494943745,6.966576630787726,11.767603713207574,9.02987778205287,9.733568941823505,0.703691159770635
l96_nx40_complete_state_v1_traj_074,74,9.565728392057531,0.8438800499797713,7.246918780946809,11.92705709727213,9.56442937856376,9.567026138221065,0.002596759657304659
l96_nx40_complete_state_v1_traj_075,75,9.377558152615373,0.8841865634333471,7.0900380931371725,11.69213229288967,9.534698720444261,9.220570892657541,-0.3141278277867201
l96_nx40_complete_state_v1_traj_076,76,9.331515555316756,1.0711989478192778,6.148050695858934,12.239680550436773,9.546230177111088,9.117010411202223,-0.429219765908865
l96_nx40_complete_state_v1_traj_077,77,9.286113123635293,0.9336690280830908,6.7438301008701105,11.803160729076295,9.110116452948349,9.461938090253279,0.3518216373049299
l96_nx40_complete_state_v1_traj_078,78,9.512732781053268,0.8230961490447093,7.354184878235394,11.838778920691691,9.414679429549329,9.610690470750857,0.1960110412015279
l96_nx40_complete_state_v1_traj_079,79,9.448604151315585,1.0614573187707856,6.2131135349963325,13.150598478521431,9.299441455815307,9.597621322234883,0.2981798664195754
l96_nx40_complete_state_v1_traj_080,80,9.524978866636063,0.9383671240651928,7.216949314396144,11.979982414080947,9.401769527624163,9.648068001414783,0.24629847379062042
l96_nx40_complete_state_v1_traj_081,81,9.209517119073954,0.8515661109896202,6.803743253863433,12.064555588977084,9.06849554248157,9.3504011136404,0.2819055711588305
l96_nx40_complete_state_v1_traj_082,82,9.377539683736877,1.0269603222091699,6.7744862103704335,12.384085046521632,9.587167453726611,9.168116428644701,-0.4190510250819095
l96_nx40_complete_state_v1_traj_083,83,9.17376286847872,0.9313299331135516,7.059373570478771,11.944380125246505,9.169344222836251,9.178177203247383,0.008832980411131786
l96_nx40_complete_state_v1_traj_084,84,9.414631206409256,0.8508892792521786,6.879430369072817,11.917590767760272,9.258399810842617,9.570710181102179,0.31231037025956176
l96_nx40_complete_state_v1_traj_085,85,9.266854948356347,0.9232786205590999,6.1319145917885285,11.92486176898366,9.438067272534267,9.095809660592257,-0.34225761194201
l96_nx40_complete_state_v1_traj_086,86,9.39988321441707,0.9152044632985198,6.528305854668199,11.849327767957574,9.321031458702533,9.478658041589448,0.15762658288691433
l96_nx40_complete_state_v1_traj_087,87,9.266047680400318,0.909495357844841,6.3153555959510275,11.53527274759205,9.146531908462238,9.385446851585296,0.23891494312305817
l96_nx40_complete_state_v1_traj_088,88,9.201207337411361,0.9276818762074504,6.844710325939306,12.766515113662258,9.23559862424891,9.166849603048774,-0.06874902120013537
l96_nx40_complete_state_v1_traj_089,89,9.23295795533511,0.9494555157647435,6.630120798708096,12.038411075624563,9.279810444229135,9.186151176186353,-0.09365926804278146
l96_nx40_complete_state_v1_traj_090,90,9.398805548154002,0.8488895836283425,7.256489744086378,11.58711444291408,9.47235232833847,9.32533052092581,-0.1470218074126599
l96_nx40_complete_state_v1_traj_091,91,9.301841663971222,0.8512043740896577,6.86970090811045,12.587067242638724,9.282307406780316,9.321356863350235,0.03904945656991998
l96_nx40_complete_state_v1_traj_092,92,9.490046444571272,0.8195802274152485,7.116745547674317,11.508938019311545,9.526711454995928,9.45341720488849,-0.07329425010743762
l96_nx40_complete_state_v1_traj_093,93,9.463837128190818,1.1472328832696423,6.710953096758908,12.791865108522483,9.635596634072236,9.292245192559044,-0.3433514415131924
l96_nx40_complete_state_v1_traj_094,94,9.476687822312835,0.9286445481678283,6.850478703401832,12.247818519151288,9.539102205928925,9.41433433077833,-0.12476787515059584
l96_nx40_complete_state_v1_traj_095,95,9.35783531041646,0.9284327122035773,6.834142945349458,11.550360945662673,9.63263561805808,9.083303100635952,-0.549332517422128
l96_nx40_complete_state_v1_traj_096,96,9.40605637128423,0.9073691051529461,7.08492320953561,12.107241932047163,9.18485098750268,9.62704594493526,0.4421949574325801
l96_nx40_complete_state_v1_traj_097,97,9.277901076210718,0.849218049988341,6.841380114421424,12.099857495423844,9.198187050800835,9.357537331839703,0.1593502810388685
l96_nx40_complete_state_v1_traj_098,98,9.404101251165091,0.8998020600438033,6.9665943416266085,11.923372649543929,9.404611095981329,9.403591903758427,-0.0010191922229019212
l96_nx40_complete_state_v1_traj_099,99,9.359509950019474,0.9718014944867537,6.9135421779744535,12.605109046110066,9.471754863645835,9.247374543625924,-0.22438032001991104
l96_nx40_complete_state_v1_traj_100,100,9.381761978451406,1.0141018825564032,6.650915289871816,12.588691468143463,9.433012482754172,9.330561474640641,-0.10245100811353147
l96_nx40_complete_state_v1_traj_101,101,9.189186478684105,0.9238808212165619,6.823148899492571,11.610064515526064,9.059113897706919,9.319132159582288,0.2600182618753699
l96_nx40_complete_state_v1_traj_102,102,9.347476551436104,0.9769052558827385,6.7457177119046845,12.827378254507337,9.370919574082171,9.324056400031642,-0.046863174050528755
l96_nx40_complete_state_v1_traj_103,103,9.586073990092586,0.8946029645857173,7.020513076413169,11.793137599826554,9.620441701126117,9.551739808533236,-0.0687018925928804
l96_nx40_complete_state_v1_traj_104,104,9.348670257377456,0.8768725143569528,6.92707537799199,11.920327624664214,9.40944663389256,9.287953174888225,-0.12149345900433595
l96_nx40_complete_state_v1_traj_105,105,9.48024152977505,0.9964051366008901,7.159965669804149,12.267796968849968,9.619747880882725,9.340871282424558,-0.2788765984581669
l96_nx40_complete_state_v1_traj_106,106,9.22893258079441,0.9031390645577296,6.4306202318598285,12.123589419042869,9.225655147229162,9.232206816863497,0.006551669634335511
l96_nx40_complete_state_v1_traj_107,107,9.465335223930227,1.045118106092672,6.6591821205909865,12.806217141601696,9.568143005056113,9.362627743078608,-0.2055152619775047
l96_nx40_complete_state_v1_traj_108,108,9.611232883467506,0.963063272850131,6.3734028724486,12.507385755128162,9.503834657524605,9.718526330653392,0.21469167312878668
l96_nx40_complete_state_v1_traj_109,109,9.210745374545317,0.8835556347901717,7.088940508094995,11.294008308059565,9.212240599700493,9.209251608146387,-0.0029889915541065903
l96_nx40_complete_state_v1_traj_110,110,9.197603035649921,0.9175187129163904,7.209168218882465,12.222042242014526,9.332578999534848,9.062758755632201,-0.2698202439026467
l96_nx40_complete_state_v1_traj_111,111,9.404274005377726,0.9057887136644972,7.3572206123902815,12.347106972923497,9.379276846371724,9.42924677691153,0.04996993053980603
l96_nx40_complete_state_v1_traj_112,112,9.342323490079098,0.8523393746280706,7.115940758635243,12.20591307071233,9.374936041153605,9.309742756127589,-0.06519328502601596
l96_nx40_complete_state_v1_traj_113,113,9.354845678566544,1.0262470407105067,6.77006985895496,12.662342362454208,9.281316277014083,9.428303344117491,0.14698706710340836
l96_nx40_complete_state_v1_traj_114,114,9.383663907063104,0.8482183854038443,7.130564813397223,11.653258796454171,9.201129703007098,9.56602002896881,0.3648903259617118
l96_nx40_complete_state_v1_traj_115,115,9.3833730041315,0.7931444116213279,7.080115146727392,11.632931688770046,9.300824436441102,9.4658410366339,0.16501660019279818
l96_nx40_complete_state_v1_traj_116,116,9.452888941388764,0.8376098345227352,6.4982603071476435,12.464728886395402,9.400043854035777,9.505682472558965,0.10563861852318723
l96_nx40_complete_state_v1_traj_117,117,9.220476833789718,0.9824385341864764,6.792626398814697,12.39148054463882,9.022749117146565,9.418011645343455,0.39526252819688956
l96_nx40_complete_state_v1_traj_118,118,9.278612764495863,0.9520599647020839,6.7998099726547325,11.727289454843085,9.396873536934613,9.160467368420475,-0.23640616851413832
l96_nx40_complete_state_v1_traj_119,119,9.291673648779932,0.9409677046193861,6.784545207735336,11.71966473432264,9.411646379749481,9.17181796437718,-0.23982841537230115
l96_nx40_complete_state_v1_traj_120,120,9.113102085070027,0.9266267734008854,6.9964948095965,11.765895605542028,9.094808648310417,9.131377674574267,0.036569026263849835
l96_nx40_complete_state_v1_traj_121,121,9.554270053063725,0.9468303124762213,7.442462495177443,12.639810827821291,9.47218353231247,9.636276489404498,0.1640929570920271
l96_nx40_complete_state_v1_traj_122,122,9.481255000497052,1.0258238370669408,6.684348047129279,12.464568742448792,9.458882926444977,9.50360524813542,0.04472232169044332
l96_nx40_complete_state_v1_traj_123,123,9.474169835413948,0.867926948817397,7.104851008506789,12.746078688241282,9.237109662744441,9.710998729866217,0.47388906712177636
l96_nx40_complete_state_v1_traj_124,124,9.40497250279653,0.97949486058868,7.496465236811,12.463845830135764,9.249610674321147,9.56018275875633,0.3105720844351829
l96_nx40_complete_state_v1_traj_125,125,9.458283326267171,0.9656386025564242,6.689935748906002,12.320353446855412,9.412905076207503,9.503617304863367,0.09071222865586392
l96_nx40_complete_state_v1_traj_126,126,9.278097099271283,1.072000716978596,7.015738420833429,12.957384837651432,9.203975123403719,9.35214676101605,0.14817163761233054
l96_nx40_complete_state_v1_traj_127,127,9.463369234823562,0.8939519273442788,7.236135982167144,12.33590980276342,9.366048283829269,9.560595238548595,0.1945469547193266
l96_nx40_complete_state_v1_traj_128,128,9.591680324243535,0.9629255111742,7.32890593766773,13.35619382425323,9.723325538124769,9.460163544717311,-0.26316199340745783
l96_nx40_complete_state_v1_traj_129,129,9.461764823390052,0.9211895290341999,7.145531511160579,12.022561334330351,9.361935092140463,9.561497159779881,0.19956206763941786
l96_nx40_complete_state_v1_traj_130,130,9.287100365200315,0.8521864445289772,7.195999295650023,11.575626145512249,9.428966390745478,9.145372745533733,-0.2835936452117451
l96_nx40_complete_state_v1_traj_131,131,9.449120800927876,0.8799370519735907,7.252660824082051,12.271417623011311,9.635882183034616,9.262541625047586,-0.3733405579870297
l96_nx40_complete_state_v1_traj_132,132,9.604226087334515,0.9083247857534975,6.914611327672067,11.728364353847983,9.740543039070458,9.46804212774661,-0.27250091132384746
l96_nx40_complete_state_v1_traj_133,133,9.274239434321657,0.9632020278556553,6.115154605151546,11.91834171872841,9.41037831762315,9.138233369442903,-0.27214494818024804
l96_nx40_complete_state_v1_traj_134,134,9.497436570626414,1.0103578527549,6.397337393666789,12.17359004397687,9.617048456507984,9.377941379267662,-0.23910707724032143
l96_nx40_complete_state_v1_traj_135,135,9.473958736325704,0.9936630456608924,7.117468039885833,12.32949021349204,9.400482682640023,9.547363106056565,0.14688042341654217
l96_nx40_complete_state_v1_traj_136,136,9.370471724191137,1.0342424295923571,6.190918856004766,12.65396271389903,9.296948933385307,9.443922785444961,0.14697385205965396
l96_nx40_complete_state_v1_traj_137,137,9.502246431152246,0.9491938181269157,6.699571756922007,12.152384428031997,9.543244062056722,9.461288797936458,-0.0819552641202641
l96_nx40_complete_state_v1_traj_138,138,9.208891571870105,0.8538733748273054,7.032742889983086,11.260423808663507,9.331363517914937,9.086539110650685,-0.24482440726425203
l96_nx40_complete_state_v1_traj_139,139,9.313090308222952,0.9619639150497014,6.476979341671459,13.098321310982666,9.405265835157502,9.221004708631758,-0.1842611265257439
l96_nx40_complete_state_v1_traj_140,140,9.38316043409158,1.0331384277799953,7.149273752443946,13.37556660680045,9.24785940364022,9.518329463537627,0.27047005989740747
l96_nx40_complete_state_v1_traj_141,141,9.412626021597555,0.9524390418864072,6.896179242062409,12.822937474643357,9.648651361300567,9.176830950518644,-0.47182041078192327
l96_nx40_complete_state_v1_traj_142,142,9.320503969212805,0.9150613297510815,6.554084423420711,11.566127479176265,9.261072466055683,9.379877490415618,0.11880502435993456
l96_nx40_complete_state_v1_traj_143,143,9.466014389353345,0.8888391163435508,7.1816223896463,12.174674733107036,9.388927973267329,9.543025599179767,0.15409762591243847
l96_nx40_complete_state_v1_traj_144,144,9.222058569787905,0.8878203039448295,6.970201239848682,11.953101028546664,9.022676344060429,9.421246276270766,0.39856993221033754
l96_nx40_complete_state_v1_traj_145,145,9.274602512060783,0.9027558703014641,6.9755318690833645,11.992517836859276,9.275808883212491,9.273397317856539,-0.0024115653559526606
l96_nx40_complete_state_v1_traj_146,146,9.381050814175747,0.7847982595953077,6.995728767242236,11.568835631611778,9.36957125873494,9.39251917005028,0.02294791131533991
l96_nx40_complete_state_v1_traj_147,147,9.458288394942924,0.8852026044895334,6.569371186331637,11.61266359923766,9.481270769349795,9.43532844236474,-0.045942326985054294
l96_nx40_complete_state_v1_traj_148,148,9.392636709783678,0.9382771924358216,6.420313794855751,12.07466620772703,9.511758338852127,9.27363129693871,-0.23812704191341716
l96_nx40_complete_state_v1_traj_149,149,9.200943513321391,0.9812065071038167,7.13652261200855,12.249090658810623,9.121254040408543,9.280555240406997,0.15930119999845438
l96_nx40_complete_state_v1_traj_150,150,9.444396069150567,1.0078553500904415,6.965989190979426,12.451735461357416,9.330429651922255,9.558251299630365,0.22782164770810986
l96_nx40_complete_state_v1_traj_151,151,9.485746912344098,0.921489900567906,7.256640666724552,12.027052986770137,9.43085162466261,9.540588643647355,0.1097370189847453
l96_nx40_complete_state_v1_traj_152,152,9.34427713306163,0.925347745174062,6.989365030693013,12.193737805933093,9.287642093697594,9.400856918728726,0.11321482503113245
l96_nx40_complete_state_v1_traj_153,153,9.27172509262951,0.9030420638965792,7.311366995596143,12.51261048019363,9.313739349562336,9.229751825215647,-0.08398752434668921
l96_nx40_complete_state_v1_traj_154,154,9.562913732354911,0.9230026389995952,7.420641247633971,12.567216525736601,9.639376600537263,9.486525462092732,-0.15285113844453058
l96_nx40_complete_state_v1_traj_155,155,9.230468749427375,0.8201661556908734,7.124107953139012,11.638026088195238,9.21179848530866,9.249120798654266,0.037322313345605096
l96_nx40_complete_state_v1_traj_156,156,9.185114710873798,0.9111282103500111,6.705832899115774,11.746162578611962,9.328731062801513,9.041638472460166,-0.2870925903413468
l96_nx40_complete_state_v1_traj_157,157,9.27223492131078,1.0760791063439585,6.587298727447026,13.163577852754425,9.493748348760471,9.050937604522016,-0.44281074423845546
l96_nx40_complete_state_v1_traj_158,158,9.258566924057249,0.846121525035733,6.887758030047547,12.18008927911818,9.254438307909922,9.262691512286386,0.00825320437646404
l96_nx40_complete_state_v1_traj_159,159,9.470424052170925,0.9613235797768949,6.960125118676153,12.359924298169465,9.562767471099392,9.378170724382878,-0.1845967467165135
l96_nx40_complete_state_v1_traj_160,160,9.351177816116097,0.9092198603148137,6.749601151406159,11.81153486661128,9.37714982468506,9.32523114609209,-0.051918678592970835
l96_nx40_complete_state_v1_traj_161,161,9.230821652377594,0.8032720186718013,6.812671651971904,11.667083076340747,9.313590011363603,9.148134043010103,-0.16545596835350018
l96_nx40_complete_state_v1_traj_162,162,9.373206261695849,1.100432066466276,6.80805972199512,12.940069574399644,9.243781163410606,9.502505091592521,0.25872392818191514
l96_nx40_complete_state_v1_traj_163,163,9.429973526116807,0.8486852827396789,7.514324244958948,12.085580451241793,9.48987945988458,9.370126037162462,-0.11975342272211797
l96_nx40_complete_state_v1_traj_164,164,9.544850427204265,1.037410161542881,7.04895072763658,13.118043270129414,9.555147165367423,9.53456373463931,-0.020583430728112972
l96_nx40_complete_state_v1_traj_165,165,9.389749645740057,0.9325897697579536,7.2173557731323985,12.413764463999067,9.469629079136324,9.309948143498321,-0.15968093563800245
l96_nx40_complete_state_v1_traj_166,166,9.593060333646704,0.8962499839087263,7.355249293553394,12.28010853310099,9.690327480151138,9.495888081919336,-0.19443939823180223
l96_nx40_complete_state_v1_traj_167,167,9.319361724568592,0.9486644547796557,6.961474583937337,12.386692995859345,9.514247488375695,9.12466609321398,-0.38958139516171464
l96_nx40_complete_state_v1_traj_168,168,9.339710438627938,0.9114057877575932,6.954809230140798,11.655255059131443,9.393629725741087,9.285843755697332,-0.10778597004375534
l96_nx40_complete_state_v1_traj_169,169,9.356949445447956,1.0718320561174786,6.306073975785821,12.012053532334921,9.427758441075431,9.286209531767437,-0.14154890930799446
l96_nx40_complete_state_v1_traj_170,170,9.495890874916874,1.0035651005178374,6.896798906157268,12.36320654947233,9.51406518350356,9.477734297362955,-0.03633088614060398
l96_nx40_complete_state_v1_traj_171,171,9.185544004487681,1.0154339205791394,6.138805360062719,12.161216295573627,9.434270006141817,8.937060662347362,-0.4972093437944558
l96_nx40_complete_state_v1_traj_172,172,9.114985600471536,0.9053315746497681,6.791209441966922,11.613696523277913,9.02083566666013,9.20904368068898,0.18820801402885046
l96_nx40_complete_state_v1_traj_173,173,9.263787797564454,0.992786403240462,6.5543353441631425,11.810909438192216,9.35253791634549,9.175124264265152,-0.17741365208033777
l96_nx40_complete_state_v1_traj_174,174,9.570743645838018,1.0426130159888598,6.984992008601135,13.228573679540432,9.586416446812542,9.555086135401032,-0.031330311411510436
l96_nx40_complete_state_v1_traj_175,175,9.493668916950009,0.8812428494649487,7.0770083656099585,12.17444684218498,9.664535818409727,9.32296871490635,-0.34156710350337605
l96_nx40_complete_state_v1_traj_176,176,9.496848204276102,0.9517558901407622,7.227954779592733,12.349252425905458,9.555878264592861,9.437875734262088,-0.11800253033077368
l96_nx40_complete_state_v1_traj_177,177,9.124944460542164,1.0565478657495122,6.846462316176162,12.541430359505508,9.214899949562033,9.035076732974998,-0.17982321658703526
l96_nx40_complete_state_v1_traj_178,178,9.319365005651319,1.042445388868725,6.859008909824702,12.524541632456192,9.214174954103228,9.424452432758871,0.21027747865564272
l96_nx40_complete_state_v1_traj_179,179,9.329974019112091,0.9497592582385354,6.312680488949411,12.940110075241455,9.333557253086475,9.326394280975727,-0.007162972110748456
l96_nx40_complete_state_v1_traj_180,180,9.435217148902005,0.867786555650048,7.190479639350217,11.856182996934844,9.474282948372098,9.396189462407,-0.07809348596509835
l96_nx40_complete_state_v1_traj_181,181,9.120845924064831,0.9588522609563831,6.7060055358693536,12.079554106205798,9.112548561569389,9.12913519157247,0.016586630003081027
l96_nx40_complete_state_v1_traj_182,182,9.24126551534267,0.9410561736576523,7.069507607010744,12.154896714417527,9.354419028567168,9.128222395789606,-0.22619663277756175
l96_nx40_complete_state_v1_traj_183,183,9.231598716704875,0.9138633059978677,7.045756929463385,11.749252268800175,9.10625645291524,9.356818695359102,0.2505622424438627
l96_nx40_complete_state_v1_traj_184,184,9.285475700917456,0.8481475984833311,6.941482094271872,12.037039521977752,9.244009908697457,9.326901038706017,0.08289113000856041
l96_nx40_complete_state_v1_traj_185,185,9.389351175400861,0.984259767943823,7.161652538563419,12.755669737944354,9.334707897368103,9.443941142918463,0.10923324555036018
l96_nx40_complete_state_v1_traj_186,186,9.363966553601252,0.9221931638063758,6.852279277557815,11.83741995835577,9.554500581731187,9.173618412328024,-0.3808821694031632
l96_nx40_complete_state_v1_traj_187,187,9.452211799902981,0.9533674405767777,6.996886476955143,12.43598122550527,9.49926023806933,9.405209262651919,-0.09405097541741014
l96_nx40_complete_state_v1_traj_188,188,9.174520429350244,0.9538343131151592,6.722321833840374,11.501707132300544,9.111275206942437,9.23770394910204,0.12642874215960198
l96_nx40_complete_state_v1_traj_189,189,9.35041339655792,0.9493701991880197,6.6624240610986,11.843839953881542,9.234340398404356,9.46637315276207,0.2320327543577143
l96_nx40_complete_state_v1_traj_190,190,9.103747677224014,0.9341384119326376,6.761640251897036,12.01787714117484,9.018191797122967,9.189220088173741,0.17102829105077433
l96_nx40_complete_state_v1_traj_191,191,9.476525601868692,0.9536392788882214,6.892594786506552,12.40205911664025,9.377278606986602,9.575675770414316,0.19839716342771396
l96_nx40_complete_state_v1_traj_192,192,9.338396694339268,0.9346497274804944,7.1970683952293655,12.434062043318779,9.436881769984739,9.240007701694427,-0.1968740682903114
l96_nx40_complete_state_v1_traj_193,193,9.340427413994036,0.9880687216628882,6.431154203247661,11.97863145880508,9.239066882363455,9.441689057301076,0.20262217493762158
l96_nx40_complete_state_v1_traj_194,194,9.200284292773043,0.9661096143964243,6.995176517671231,12.197834984108251,9.223438257292088,9.177152917487675,-0.046285339804413184
l96_nx40_complete_state_v1_traj_195,195,9.22261216800265,0.953670149167865,6.821450032453764,12.002874592431377,9.175321627233444,9.269856571658908,0.09453494442546351
l96_nx40_complete_state_v1_traj_196,196,9.487086932326704,0.9061053070835066,7.246110100100962,12.336739076103926,9.470828578006419,9.503329424837894,0.03250084683147492
l96_nx40_complete_state_v1_traj_197,197,9.198954607964534,0.8840821254802386,6.609811417082983,11.961728044552482,9.365769401102416,9.032302560966299,-0.3334668401361167
l96_nx40_complete_state_v1_traj_198,198,9.33128855394495,0.9729273588366193,7.15532216736721,11.954471353148833,9.205548681899142,9.456905752944854,0.25135707104571203
l96_nx40_complete_state_v1_traj_199,199,9.202983846377538,0.9515365434146479,6.274114574281526,11.726227763204601,9.148409490331776,9.257504959149115,0.10909546881733867
l96_nx40_complete_state_v1_traj_200,200,9.42257848467073,0.9442214419850103,6.826097915821661,11.8841289078367,9.437395255727614,9.407776169000241,-0.029619086727372235
l96_nx40_complete_state_v1_traj_201,201,9.529869117169289,0.9335058655958023,7.322062536412718,12.233264841119674,9.553278283532007,9.506482789017658,-0.046795494514348945
l96_nx40_complete_state_v1_traj_202,202,9.212678208842002,0.9003716207176268,6.764493509902219,11.876621762634572,9.260283128333569,9.165119733174325,-0.09516339515924344
l96_nx40_complete_state_v1_traj_203,203,9.393763885960409,0.9446713874310342,7.20892706759698,12.175374627609,9.410456828552421,9.377087229166039,-0.03336959938638273
l96_nx40_complete_state_v1_traj_204,204,9.576615492413012,1.0005471886880108,7.016549146823607,12.365035018087816,9.567438128214652,9.58578390308532,0.018345774870667242
l96_nx40_complete_state_v1_traj_205,205,9.241147303895337,0.9276850888990698,6.585571499016941,12.43554007593591,9.368447465769274,9.113971337301283,-0.2544761284679904
l96_nx40_complete_state_v1_traj_206,206,9.579282541193274,0.9574732406440151,7.068663463554628,12.127195502410869,9.378651733719636,9.779717611293767,0.4010658775741316
l96_nx40_complete_state_v1_traj_207,207,9.440462545280887,0.856105965826789,7.065388609204602,12.45314879260165,9.339928781360287,9.540898227480591,0.20096944612030399
l96_nx40_complete_state_v1_traj_208,208,9.276077096420083,0.8883081170916267,6.337929918980795,11.672843456178184,9.208969839169875,9.343118883175423,0.1341490440055484
l96_nx40_complete_state_v1_traj_209,209,9.423834734133083,0.923019449113257,7.174024640014764,12.45003376957343,9.461291711415837,9.386414300242807,-0.0748774111730306
l96_nx40_complete_state_v1_traj_210,210,9.347599822802806,0.8891927404742868,7.231368089848094,12.34932259477959,9.340967234741518,9.35422594004647,0.013258705304952656
l96_nx40_complete_state_v1_traj_211,211,9.26857159826958,0.8675369909414176,6.992592175822499,12.214058893711838,9.304598023592144,9.232580320679038,-0.07201770291310616
l96_nx40_complete_state_v1_traj_212,212,9.330326581523591,0.8413328485310501,7.214971010364636,12.838031105344873,9.360752276139523,9.299930570512164,-0.06082170562735989
l96_nx40_complete_state_v1_traj_213,213,9.170782706620198,0.8678640493629581,6.704732775099387,11.690826671797875,9.181490451586045,9.160085408234806,-0.021405043351238717
l96_nx40_complete_state_v1_traj_214,214,9.419123536335848,0.88674743198276,7.151728078115999,11.905473061834842,9.539210237182049,9.299153993246568,-0.24005624393548075
l96_nx40_complete_state_v1_traj_215,215,9.460302205140161,1.0743994778855541,6.485578079160739,12.021943893688537,9.605090559053142,9.315655108157827,-0.28943545089531497
l96_nx40_complete_state_v1_traj_216,216,9.462977731396405,0.8481322998495285,6.938006316111149,11.982940916677503,9.161894497208579,9.76376722584356,0.6018727286349819
l96_nx40_complete_state_v1_traj_217,217,9.261593910900034,0.9018670434707861,7.258046564069986,11.777237477561943,9.49351021450166,9.029903867106794,-0.4636063473948653
l96_nx40_complete_state_v1_traj_218,218,9.347442278508238,0.858503186902221,7.054055453816754,12.076370402810305,9.032719707886613,9.661857802719506,0.6291380948328928
l96_nx40_complete_state_v1_traj_219,219,9.356633132597503,0.9016954718692033,6.774987188062132,11.879384380726659,9.444067880132422,9.269283687255305,-0.17478419287711766
l96_nx40_complete_state_v1_traj_220,220,9.405837253640447,0.906196659562148,6.895008223494481,12.149452247468087,9.268153747702582,9.543386434206665,0.27523268650408284
l96_nx40_complete_state_v1_traj_221,221,9.267407704992532,0.8959055627493483,7.018341136564527,11.982953512304526,9.301841871769414,9.2330071325247,-0.06883473924471417
l96_nx40_complete_state_v1_traj_222,222,9.263176114553811,0.9543580323350871,6.742422795212344,13.167625194142307,9.317696527423777,9.208708892330536,-0.10898763509324105
l96_nx40_complete_state_v1_traj_223,223,9.396202794893387,0.917502636832247,6.645516999760114,11.893126138244503,9.435318086666946,9.357125664380089,-0.07819242228685752
l96_nx40_complete_state_v1_traj_224,224,9.374938800601663,0.9153576261450939,7.264617865498804,11.541683938354144,9.242430465022863,9.507317859755519,0.2648873947326553
l96_nx40_complete_state_v1_traj_225,225,9.278112033177,0.9269065950568343,6.80744526960653,12.441160638089507,9.276060473778777,9.28016159105386,0.004101117275082444
l96_nx40_complete_state_v1_traj_226,226,9.377639299501345,0.7571739536133202,7.046068153450355,12.095066885421875,9.431491818744277,9.323839319301577,-0.10765249944270039
l96_nx40_complete_state_v1_traj_227,227,9.269987100007354,0.8519122109151184,7.047336110019053,11.589063451347107,9.239824286426215,9.300120486453292,0.06029620002707681
l96_nx40_complete_state_v1_traj_228,228,9.399290906230174,1.038738791577594,6.692389878639925,13.015468634179518,9.305112785043947,9.493377146322562,0.18826436127861434
l96_nx40_complete_state_v1_traj_229,229,9.272911032768059,0.9463396279722566,6.582501684860182,12.38215373615305,9.324706090200465,9.221166507099008,-0.1035395831014565
l96_nx40_complete_state_v1_traj_230,230,9.369126957641173,0.8911873159314243,7.160079319274845,12.21620100235336,9.468695196832904,9.26965585819499,-0.19903933863791323
l96_nx40_complete_state_v1_traj_231,231,9.395960026776955,0.939774374787944,6.458000974184574,13.189591813532477,9.450702367025896,9.341271093689233,-0.10943127333666247
l96_nx40_complete_state_v1_traj_232,232,9.362627973955387,1.029941595715511,6.639275283825445,12.245535024369817,9.384306833298016,9.34097026471943,-0.043336568578585144
l96_nx40_complete_state_v1_traj_233,233,9.1480119857465,1.0094963122634517,7.15044479531267,12.93267527917279,9.342984984560402,8.953229204492409,-0.3897557800679934
l96_nx40_complete_state_v1_traj_234,234,9.339245101289544,0.9249238948769897,6.462481015192552,11.700872606182035,9.200614801224335,9.477740152281513,0.27712535105717784
l96_nx40_complete_state_v1_traj_235,235,9.269888693337597,0.9439219080867373,6.465864804172478,11.87421546937764,9.282660194506352,9.257129652169981,-0.025530542336371198
l96_nx40_complete_state_v1_traj_236,236,9.321857008840187,0.9892060252393087,6.905156023268043,12.0456938176236,9.582480869267004,9.061487415594275,-0.5209934536727285
l96_nx40_complete_state_v1_traj_237,237,9.422001721245609,0.8521771804669648,7.2165272940037255,11.832212272140113,9.329097365010899,9.514815439083996,0.18571807407309748
l96_nx40_complete_state_v1_traj_238,238,9.368832420914794,1.0038752376801023,7.045172948428581,12.18649295059749,9.295917357767905,9.441676347414706,0.14575898964680079
l96_nx40_complete_state_v1_traj_239,239,9.129503871943063,0.8534651344828668,6.929820405284015,11.44998994248154,9.152580050311931,9.106450206918948,-0.04612984339298265
l96_nx40_complete_state_v1_traj_240,240,9.38920207068975,0.9123508818802478,6.94828857091745,11.889665995595916,9.389638075347793,9.388766491402103,-0.0008715839456900909
l96_nx40_complete_state_v1_traj_241,241,9.273136334579362,0.86232602137265,6.9671636481246635,12.491233239900804,9.284269481588185,9.262014049177376,-0.02225543241080885
l96_nx40_complete_state_v1_traj_242,242,9.488687195161177,0.9343654891245365,6.737287105933744,12.091139521871755,9.48664986332519,9.490722539356357,0.0040726760311660115
l96_nx40_complete_state_v1_traj_243,243,9.314643361845166,0.8976389058088412,6.4229656717052865,12.39022635465475,9.312531364750082,9.316753298455284,0.004221933705201408
l96_nx40_complete_state_v1_traj_244,244,9.348940410316537,0.989759747907939,6.816531567029694,12.198211374916202,9.303637152482192,9.394199469850552,0.0905623173683594
l96_nx40_complete_state_v1_traj_245,245,9.424333913285826,0.8168499042451789,7.06856020684324,11.680969941758613,9.494702668548689,9.354033810467124,-0.1406688580815647
l96_nx40_complete_state_v1_traj_246,246,9.401168430047393,0.889031186583529,7.078811940786423,12.131433744380237,9.447200155861449,9.35518161323413,-0.09201854262731857
l96_nx40_complete_state_v1_traj_247,247,9.423098920620996,0.9766821510694379,7.002865570571066,11.984446040659234,9.37119375879017,9.474953443269548,0.10375968447937822
l96_nx40_complete_state_v1_traj_248,248,9.466521067545537,0.9223746152885657,6.9003496827081445,12.482768389680093,9.435269582306768,9.49774206353042,0.062472481223652565
l96_nx40_complete_state_v1_traj_249,249,9.501069018811815,0.766840856473746,7.318375966465036,11.469267075476225,9.43143531965758,9.570634782649801,0.1391994629922202
l96_nx40_complete_state_v1_traj_250,250,9.294977414235538,0.9497294058963571,6.860916081527776,12.685150906751243,9.06124279054973,9.528484004142141,0.4672412135924109
l96_nx40_complete_state_v1_traj_251,251,9.352101419118496,1.078400027243058,6.90849508051808,12.578503271195203,9.362126265680718,9.342086352894382,-0.02003991278633599
l96_nx40_complete_state_v1_traj_252,252,9.366519555250145,0.9677132887974929,6.701962461347129,12.80187099092006,9.299103631471368,9.433869707395964,0.13476607592459544
l96_nx40_complete_state_v1_traj_253,253,9.304613876088398,0.9952173433371712,6.444991784007941,12.271642878756694,9.082178494474576,9.526832247573823,0.4446537530992476
l96_nx40_complete_state_v1_traj_254,254,9.233271701634715,0.9390559215486866,6.841200291035261,11.88444239319292,9.212222614837184,9.254300252737805,0.042077637900620246
l96_nx40_complete_state_v1_traj_255,255,9.116596326673198,0.8746862355074654,6.878651874408634,11.746187084111678,9.192172466069312,9.041093920096007,-0.15107854597330572
l96_nx40_complete_state_v1_traj_256,256,9.46171014458073,1.0546467667624444,6.975104979227041,13.205328472524652,9.485396253558502,9.43804714400196,-0.047349109556542146
l96_nx40_complete_state_v1_traj_257,257,9.237488809519634,0.8601308674293662,7.052693352081084,12.070608903009427,9.245981588141918,9.22900431653503,-0.016977271606887
l96_nx40_complete_state_v1_traj_258,258,9.419284712834916,0.8959557821514782,6.659815223357303,12.28383802769577,9.507412789623512,9.331242614657825,-0.1761701749656872
l96_nx40_complete_state_v1_traj_259,259,9.487447085997815,1.0001904305273204,6.3796721519089505,11.969840830652398,9.619213808717836,9.355808916178011,-0.2634048925398247
l96_nx40_complete_state_v1_traj_260,260,9.333641673602683,0.7799674009919454,6.990692480022849,11.76668286476395,9.340493676255628,9.326796355830377,-0.013697320425251291
l96_nx40_complete_state_v1_traj_261,261,9.315703865156063,0.9776177022919874,6.798447684543559,12.687193725799784,9.47971823665427,9.151849507678833,-0.32786872897543695
l96_nx40_complete_state_v1_traj_262,262,9.449021073140267,0.9355330199042157,7.060918397295521,12.573235505310898,9.375213027134462,9.522757111296311,0.14754408416184894
l96_nx40_complete_state_v1_traj_263,263,9.31716670782711,0.909455220706024,7.1951116373449295,12.264202853023646,9.37869926932624,9.255694178095295,-0.1230050912309455
l96_nx40_complete_state_v1_traj_264,264,9.313007579227518,0.9464746016320833,6.316391782773352,11.903130882132526,9.398402765109234,9.227695705722276,-0.17070705938695774
l96_nx40_complete_state_v1_traj_265,265,9.459752660787922,0.9542071793342489,6.5016803803749825,12.16417186154671,9.510703354951724,9.408851674618427,-0.10185168033329717
l96_nx40_complete_state_v1_traj_266,266,9.397748809565869,1.1252230189983432,6.3003419819137765,12.952530554801228,9.31394136712359,9.481474488649665,0.16753312152607513
l96_nx40_complete_state_v1_traj_267,267,9.394208190229955,0.8806886997951582,6.587442350767948,11.901823853319284,9.401579868087875,9.386843704252867,-0.014736163835008753
l96_nx40_complete_state_v1_traj_268,268,9.445494604939233,0.9460660684508064,7.1826450257296575,12.089310046642934,9.361058999958457,9.529847833720028,0.16878883376157106
l96_nx40_complete_state_v1_traj_269,269,9.340725876575034,0.9016047255806761,7.017098188615489,12.42758835747853,9.43731656500843,9.244229422959618,-0.19308714204881205
l96_nx40_complete_state_v1_traj_270,270,9.305143331397218,0.9918037136687772,5.974516437541213,11.953611344120795,9.302941702193174,9.307342812670335,0.004401110477161296
l96_nx40_complete_state_v1_traj_271,271,9.530962102907871,0.9565349644451385,6.980822013585614,11.75770494321895,9.646788087422737,9.415249119353515,-0.2315389680692217
l96_nx40_complete_state_v1_traj_272,272,9.199001516014912,0.8891488568530246,6.815715922204336,11.982996463760902,9.218035901737762,9.179985700424476,-0.03805020131328618
l96_nx40_complete_state_v1_traj_273,273,9.562278832822289,0.8307653148915338,7.413495435226119,12.247156069659736,9.457943577124311,9.666512298026898,0.20856872090258705
l96_nx40_complete_state_v1_traj_274,274,9.469091091802937,0.9922072259837517,6.818959564314156,12.59593733645975,9.415972670959691,9.522157689796583,0.10618501883689113
l96_nx40_complete_state_v1_traj_275,275,9.371260608900018,0.9192118284326228,6.6218876675306975,11.701537003773536,9.437857303342556,9.3047288868423,-0.13312841650025575
l96_nx40_complete_state_v1_traj_276,276,9.2465484061386,0.8583761299683345,7.138239884638258,12.220317617683296,9.22791033209629,9.265168296694048,0.03725796459775843
l96_nx40_complete_state_v1_traj_277,277,9.252150405948026,0.9573357859876468,7.057229128045988,12.036547158473208,9.122830659896206,9.381343986393942,0.2585133264977362
l96_nx40_complete_state_v1_traj_278,278,9.267383841901877,1.0479678071212515,6.672603611677465,12.334280263872236,9.25077651753983,9.283974963996258,0.03319844645642789
l96_nx40_complete_state_v1_traj_279,279,9.384835909162272,1.0077184908776506,6.546793019157566,12.294141531896624,9.491193725715517,9.278581856332483,-0.2126118693830339
l96_nx40_complete_state_v1_traj_280,280,9.378924171551956,1.043700850305846,6.729126807258945,12.391731847781157,9.293378576287296,9.464386307699286,0.17100773141199
l96_nx40_complete_state_v1_traj_281,281,9.362885212632557,0.8841343249628563,6.923447588890502,11.700879267896456,9.18635577160482,9.539242429815387,0.35288665821056675
l96_nx40_complete_state_v1_traj_282,282,9.27211759518776,0.9080450311137875,7.27597342269299,12.07293335640746,9.298149574709946,9.246111012718771,-0.05203856199117496
l96_nx40_complete_state_v1_traj_283,283,9.578224114417129,0.8868199441771029,7.438473335223888,12.838293023002233,9.584642974703659,9.571811516433327,-0.012831458270332163
l96_nx40_complete_state_v1_traj_284,284,9.541893800089776,0.9340019645249279,7.265668958874825,12.575633021985398,9.449566031887025,9.634131492421107,0.18456546053408118
l96_nx40_complete_state_v1_traj_285,285,9.522694718198414,0.9675838008080583,6.78779427311805,12.471178880023851,9.562650998416597,9.482777419717033,-0.07987357869956391
l96_nx40_complete_state_v1_traj_286,286,9.46971986771951,0.8373005318830301,7.2157651389728885,11.908426196616917,9.309233256343166,9.630049906792065,0.32081665044889895
l96_nx40_complete_state_v1_traj_287,287,9.214407771396381,0.9845221353481787,6.22661526587803,11.75796991174823,9.076489673546245,9.352191315004708,0.275701641458463
l96_nx40_complete_state_v1_traj_288,288,9.367013757352892,0.8557333580341966,6.638717019323043,11.823989520245323,9.282549513349336,9.451395597215958,0.16884608386662237
l96_nx40_complete_state_v1_traj_289,289,9.46192049613825,0.982650011946323,6.768224336411902,12.203609083967816,9.628713669013054,9.295290048310148,-0.33342362070290577
l96_nx40_complete_state_v1_traj_290,290,9.51363576908179,0.9789124080143728,6.838231211812873,12.817189133472723,9.737963967056894,9.289526427885196,-0.4484375391716977
l96_nx40_complete_state_v1_traj_291,291,9.624852608397328,0.9189317412450496,7.098004142976118,12.109643869105986,9.812840813016313,9.437047806904793,-0.37579300611152
l96_nx40_complete_state_v1_traj_292,292,9.497828691689024,0.9014295312882462,6.473197044884328,11.903226793496986,9.454150473687944,9.541464296794492,0.08731382310654823
l96_nx40_complete_state_v1_traj_293,293,9.253693399345183,0.8113856134224702,7.219962644763993,12.116067439729848,9.264217827535262,9.24317923888992,-0.02103858864534125
l96_nx40_complete_state_v1_traj_294,294,9.331277271352143,0.8311948964220582,6.594268794279498,11.957829633536205,9.367087243305432,9.295502235956866,-0.07158500734856688
l96_nx40_complete_state_v1_traj_295,295,9.432220673829791,0.9980916892852745,6.889869500064177,13.261903194687113,9.4192632109643,9.44516549526809,0.02590228430379149
l96_nx40_complete_state_v1_traj_296,296,9.407042399649784,0.9696468074956167,7.152294691284444,13.000023312872383,9.381531060972724,9.432528849215936,0.05099778824321177
l96_nx40_complete_state_v1_traj_297,297,9.414099304046617,1.0099919203420618,7.01144973175595,12.579765476654682,9.55737970998009,9.27095868387503,-0.28642102610506015
l96_nx40_complete_state_v1_traj_298,298,9.425576466780136,0.8165318091771083,7.263353654875878,12.425623427100414,9.471035497041523,9.380161786792174,-0.09087371024934932
l96_nx40_complete_state_v1_traj_299,299,9.152708823897374,0.903105315239659,6.845096574948782,12.077198129429801,9.073879447961648,9.231461293124871,0.15758184516322338
l96_nx40_complete_state_v1_traj_300,300,9.51873985618334,0.8938400013564582,7.153605756271307,12.393623750748816,9.691848102638406,9.34580049582237,-0.3460476068160361
l96_nx40_complete_state_v1_traj_301,301,9.319554803615063,0.9125244306660825,6.944016254831331,12.056099405767988,9.346038081800826,9.293097362773869,-0.05294071902695663
l96_nx40_complete_state_v1_traj_302,302,9.445165994893738,0.9497426034878482,7.060642164847406,12.758841902166099,9.468681107570758,9.42167382379006,-0.047007283780697406
l96_nx40_complete_state_v1_traj_303,303,9.489709248263267,0.955052509393726,7.20336718873145,12.753583217881483,9.529513509339383,9.449943820612592,-0.07956968872679049
l96_nx40_complete_state_v1_traj_304,304,9.528248902055545,0.8440583871085365,7.136376659474013,11.484512237920436,9.372583101027349,9.683762834009572,0.31117973298222346
l96_nx40_complete_state_v1_traj_305,305,9.18935965703124,0.8869504924537083,6.819753540997532,11.527527804813698,9.04732194855329,9.331258792135062,0.2839368435817722
l96_nx40_complete_state_v1_traj_306,306,9.429026897549106,0.939036691046099,6.159400014315956,12.688027764559697,9.406919565813851,9.451112661155834,0.044193095341983124
l96_nx40_complete_state_v1_traj_307,307,9.245260124476404,0.9581341206966479,6.501290783787518,12.606381843142056,9.21211792144682,9.278369993649381,0.0662520722025608
l96_nx40_complete_state_v1_traj_308,308,9.334220584263267,0.8151034173817321,7.194468185198572,11.896685756023334,9.300997372946167,9.36741138269128,0.06641400974511313
l96_nx40_complete_state_v1_traj_309,309,9.304412622931073,0.8892993278517143,7.0078743076959285,11.95439669546256,9.412726788872744,9.196204129346425,-0.21652265952631922
l96_nx40_complete_state_v1_traj_310,310,9.436116333976653,0.9521690328630835,6.948754088381452,13.149087604766986,9.343372305278589,9.528769880695497,0.18539757541690882
l96_nx40_complete_state_v1_traj_311,311,9.4701268978734,0.9772030251411383,7.275560360288624,11.994720757345068,9.513023562884378,9.427272083267319,-0.08575147961705909
l96_nx40_complete_state_v1_traj_312,312,9.443242370063736,0.9246695750265778,7.280602995103867,12.552083472835864,9.557523559787077,9.329072674184033,-0.22845088560304383
l96_nx40_complete_state_v1_traj_313,313,9.625465430813446,0.8513311550445378,7.263776825214748,12.187843783207102,9.574227726839963,9.676653146783057,0.10242541994309384
l96_nx40_complete_state_v1_traj_314,314,9.353029645906776,0.9073034493739275,6.684599589204076,11.964872681269217,9.257437649371232,9.448528381957894,0.19109073258666243
l96_nx40_complete_state_v1_traj_315,315,9.372094219024666,0.9154937606634181,7.468454475947143,12.045914819604839,9.183585939223544,9.560418588308893,0.3768326490853493
l96_nx40_complete_state_v1_traj_316,316,9.520136174344099,0.8784352373091563,7.252918168509389,11.983759573067665,9.46685243662009,9.573367927933747,0.10651549131365634
l96_nx40_complete_state_v1_traj_317,317,9.302420783089294,0.9946347474739111,6.725489505590455,11.680367179885506,9.091565548792108,9.513070304962774,0.4215047561706662
l96_nx40_complete_state_v1_traj_318,318,9.51207345348569,0.9852606354548079,6.513675417861118,12.206095102326993,9.343506612107895,9.680475839408485,0.33696922730059065
l96_nx40_complete_state_v1_traj_319,319,9.44123680860198,0.9503482947994275,6.8938681989943005,12.384285994041711,9.36221547153741,9.520181051679165,0.1579655801417541
l96_nx40_complete_state_v1_traj_320,320,9.362154068809984,0.884878152028779,6.84346394950218,11.558801966302774,9.335829703914,9.388452751398756,0.052623047484756214
l96_nx40_complete_state_v1_traj_321,321,9.561649746064553,1.0885165761844908,6.884992814222201,13.089358023055652,9.726906700372373,9.396554018053623,-0.33035268231875037
l96_nx40_complete_state_v1_traj_322,322,9.320230673869693,0.9489527073620134,6.697086276493122,11.85721889376687,9.382576042782532,9.257946129707015,-0.12462991307551619
l96_nx40_complete_state_v1_traj_323,323,9.31018959451258,0.9044816605605172,7.063469719972529,12.668358600914951,9.387569384000418,9.232885297502298,-0.15468408649812027
l96_nx40_complete_state_v1_traj_324,324,9.409585586247655,0.8682393164900182,7.1416079224404445,12.03409674669692,9.462972849513362,9.356250408116836,-0.10672244139652598
l96_nx40_complete_state_v1_traj_325,325,9.354629980181944,1.0117862977205705,6.8875673958961645,13.221967887575511,9.187655350387145,9.521441707898889,0.33378635751174457
l96_nx40_complete_state_v1_traj_326,326,9.43620547867693,0.9780518969410363,7.218456852906529,13.000088689831188,9.380443425108533,9.491913130241844,0.11146970513331134
l96_nx40_complete_state_v1_traj_327,327,9.499112525174292,0.8964083686211112,7.105706964940635,12.676719538100816,9.730424646654118,9.26802607405689,-0.4623985725972286
l96_nx40_complete_state_v1_traj_328,328,9.294893284276977,0.9468193332984388,6.792520207573458,12.486252409243283,9.19772738349816,9.391964389055023,0.19423700555686274
l96_nx40_complete_state_v1_traj_329,329,9.519888261611579,0.9475841997596682,7.58694956570289,12.017102678724466,9.461902045942841,9.577817905362588,0.11591585941974714
l96_nx40_complete_state_v1_traj_330,330,9.327437250867527,0.9373386332850261,7.275142969280864,11.979018665982506,9.353838753761902,9.301061505536946,-0.052777248224956
l96_nx40_complete_state_v1_traj_331,331,9.221088264631561,0.9711771362744539,6.924870638016044,12.309591836763934,9.225818471626436,9.21636267247278,-0.00945579915365613
l96_nx40_complete_state_v1_traj_332,332,9.399735944647066,0.8701726041826688,6.867806741705375,11.982966230958436,9.420540665865369,9.378951520717756,-0.04158914514761314
l96_nx40_complete_state_v1_traj_333,333,9.443080844399294,0.9959035295667328,6.719772725718583,12.51903517929053,9.480959372891103,9.405239270569426,-0.07572010232167692
l96_nx40_complete_state_v1_traj_334,334,9.453928907734591,0.8481631182624648,6.168385071750541,12.244637670672045,9.632587246041656,9.275444870245387,-0.3571423757962684
l96_nx40_complete_state_v1_traj_335,335,9.405708214079146,0.9539377122214668,7.141302338732896,12.181441147467298,9.479461372240056,9.332027010218884,-0.14743436202117266
l96_nx40_complete_state_v1_traj_336,336,9.53285024570121,0.9462280537504016,7.0802976126029575,11.983899840841003,9.70309955096562,9.362767037319987,-0.3403325136456328
l96_nx40_complete_state_v1_traj_337,337,9.27812317045932,0.9064860420133203,6.773314271251536,11.998103709736496,9.209131155876747,9.347047875759372,0.13791671988262522
l96_nx40_complete_state_v1_traj_338,338,9.359264791310867,0.7974210509549573,7.398075649091051,11.227320709729517,9.505230089823293,9.213441897967721,-0.2917881918555718
l96_nx40_complete_state_v1_traj_339,339,9.613341446099028,1.0199110052836422,7.229751961837669,12.654598669793584,9.66745139233358,9.559284290055928,-0.10816710227765292
l96_nx40_complete_state_v1_traj_340,340,9.247624672675979,0.8613760248078891,7.087957512045921,11.674464738615537,9.256253366683561,9.239004396906456,-0.017248969777105216
l96_nx40_complete_state_v1_traj_341,341,9.327975356230851,0.8825003155717919,6.922344724862626,11.974760049601334,9.238496431332937,9.417366984616676,0.1788705532837387
l96_nx40_complete_state_v1_traj_342,342,9.229454183791432,0.9768009371860932,6.962880426383839,11.827566656494502,8.95510840686931,9.503532306297046,0.5484238994277355
l96_nx40_complete_state_v1_traj_343,343,9.446113297160606,0.8811405488689421,7.222256518158197,12.01686719156854,9.419691246202245,9.472509570508281,0.0528183243060365
l96_nx40_complete_state_v1_traj_344,344,9.47485094892496,1.060572946980197,6.868375029666126,12.953283288901599,9.624507291764768,9.325340612273285,-0.2991666794914831
l96_nx40_complete_state_v1_traj_345,345,9.374572082199466,0.934760428868595,6.841231784966219,13.18565400308989,9.249746057346927,9.499276325564344,0.2495302682174163
l96_nx40_complete_state_v1_traj_346,346,9.550160645691738,0.9800963836550842,6.602795393102329,12.410613978032123,9.512097358813058,9.588186797656395,0.07608943884333641
l96_nx40_complete_state_v1_traj_347,347,9.420260077580442,0.9115918781851555,7.066179613496412,12.442403540218464,9.365975858282223,9.474491336664716,0.10851547838249331
l96_nx40_complete_state_v1_traj_348,348,9.544723656202322,0.7938780524975637,7.594776691277724,11.822876123645015,9.52086451712756,9.568559518068234,0.04769500094067425
l96_nx40_complete_state_v1_traj_349,349,9.483813540410067,1.0258260932258405,6.5272290699689295,12.296467996821438,9.461028136163232,9.50657671499421,0.04554857883097796
l96_nx40_complete_state_v1_traj_350,350,9.174259625539408,0.9079119779427659,5.898998859936392,11.717159279186005,9.095441300528456,9.25300105462352,0.15755975409506284
l96_nx40_complete_state_v1_traj_351,351,9.47950332384285,1.0619143967317688,6.7295469990353265,13.186893810466836,9.665437328289714,9.29375071842471,-0.3716866098650051
l96_nx40_complete_state_v1_traj_352,352,9.214619173207181,0.8737471943483861,6.681312818860777,11.669682644924404,9.26744005163731,9.161849827341367,-0.105590224295943
l96_nx40_complete_state_v1_traj_353,353,9.32497362066293,0.9104466924446948,7.200647834825949,12.302776471714838,9.476652223672094,9.173442996778656,-0.3032092268934381
l96_nx40_complete_state_v1_traj_354,354,9.702719003438807,0.9207361612143528,7.293234323794124,12.501918331723916,9.725489010236785,9.679971211281606,-0.0455177989551796
l96_nx40_complete_state_v1_traj_355,355,9.279286573109555,0.8437753382014124,7.348957138525515,12.027149201573193,9.295943030993268,9.262646365428658,-0.03329666556460964
l96_nx40_complete_state_v1_traj_356,356,9.526666071287185,0.9699083718703022,6.369793848409314,11.893052031589637,9.611723723620937,9.441691402028876,-0.1700323215920605
l96_nx40_complete_state_v1_traj_357,357,9.283440597758831,0.9159155464232622,6.596945960651584,12.357193770290616,9.06299784692465,9.50366828249464,0.44067043556998975
l96_nx40_complete_state_v1_traj_358,358,9.250865205394701,0.9257382297337615,7.139074663472071,12.222502060130711,9.282557677392585,9.219203652881694,-0.06335402451089145
l96_nx40_complete_state_v1_traj_359,359,9.238585584690123,0.9592285679291487,7.077148380098597,11.702097989278382,9.137879667955072,9.339193251750311,0.20131358379523867
l96_nx40_complete_state_v1_traj_360,360,9.329572319361153,0.9891281410446956,6.7168396084027915,12.139230623770121,9.37439536798566,9.284793000540184,-0.089602367445476
l96_nx40_complete_state_v1_traj_361,361,9.235534746187756,0.8754272328008066,6.829235421753881,11.866078933135373,9.220398521538334,9.250656203788743,0.0302576822504097
l96_nx40_complete_state_v1_traj_362,362,9.178169973383214,0.822398735603673,6.794689669636012,11.79343819608457,9.193014374206378,9.163340054902319,-0.029674319304058727
l96_nx40_complete_state_v1_traj_363,363,9.329050536366392,0.9112711289822796,7.0826416687390985,12.487546575953198,9.302791411628663,9.355284042445842,0.05249263081717892
l96_nx40_complete_state_v1_traj_364,364,9.43998637894294,0.9049911832340128,6.834874769651582,11.90848918213421,9.45571921752855,9.424268889468143,-0.03145032806040682
l96_nx40_complete_state_v1_traj_365,365,9.183991276353979,0.8978021736483646,6.868640613199524,11.339450983667637,9.09981638317196,9.268084047688987,0.16826766451702646
l96_nx40_complete_state_v1_traj_366,366,9.40474861819637,0.9234177859988015,6.34681096447399,12.519917669164034,9.378703689662709,9.43076813704366,0.052064447380951506
l96_nx40_complete_state_v1_traj_367,367,9.358032555937442,0.9476817580953812,7.126044309646545,11.72982237662563,9.132572683231814,9.583272467791646,0.4506997845598324
l96_nx40_complete_state_v1_traj_368,368,9.284927853314862,0.9410359314826438,6.854196001682352,11.635768299799988,9.116088087174068,9.453602897732598,0.3375148105585293
l96_nx40_complete_state_v1_traj_369,369,9.321481932855246,0.9152527788273723,7.149004347522544,11.530911470040008,9.250398370830187,9.3924961450637,0.14209777423351255
l96_nx40_complete_state_v1_traj_370,370,9.282336969788282,1.0274810861455939,6.657404523811681,12.833123250278618,9.520692914229944,9.044213567731434,-0.4764793464985093
l96_nx40_complete_state_v1_traj_371,371,9.3282519949665,0.9233912047090336,6.673308311667486,13.13461828014042,9.40448322289342,9.252095138969269,-0.15238808392415137
l96_nx40_complete_state_v1_traj_372,372,9.326227341341337,0.9301110712477666,6.840073013073311,12.10971729961358,9.418789731322722,9.233755256130669,-0.18503447519205274
l96_nx40_complete_state_v1_traj_373,373,9.381933469387507,0.8828233879164943,6.152071675423117,11.997862502411557,9.422580654620418,9.341325939945065,-0.08125471467535306
l96_nx40_complete_state_v1_traj_374,374,9.450362285077176,0.8588356654894376,7.330878476143842,11.88271814667846,9.393886907797965,9.506782564427334,0.11289565662936951
l96_nx40_complete_state_v1_traj_375,375,9.398399464728062,0.973105853115358,6.570774216301875,12.492237585521583,9.434733614542878,9.36210076286429,-0.07263285167858768
l96_nx40_complete_state_v1_traj_376,376,9.266605020258819,0.9502153828760115,6.767122983903048,12.43092289635185,9.452778583523482,9.080613089738803,-0.37216549378467967
l96_nx40_complete_state_v1_traj_377,377,9.481413933767522,0.9819912853574179,7.143069237936098,11.695486353939526,9.436456279425599,9.526327726983265,0.08987144755766607
l96_nx40_complete_state_v1_traj_378,378,9.361099849247728,0.892514425359679,6.867860161571642,11.74987270166291,9.430609238234533,9.291658274298957,-0.13895096393557615
l96_nx40_complete_state_v1_traj_379,379,9.162171285834269,0.9995402099934521,6.8624612260643305,13.36728492177268,9.053390945358776,9.270845499148319,0.21745455378954226
l96_nx40_complete_state_v1_traj_380,380,9.171522002985165,0.9323257382375472,6.504250248410534,12.095102383309811,9.260548761187648,9.082582100156536,-0.17796666103111214
l96_nx40_complete_state_v1_traj_381,381,9.629822453934686,0.8544022831088312,7.080197900456939,12.499220452293654,9.68658949564922,9.57311079469987,-0.11347870094934898
l96_nx40_complete_state_v1_traj_382,382,9.358996248225752,0.9612399638101915,6.821677853521059,12.202921548940372,9.227083642768404,9.49078015845827,0.2636965156898654
l96_nx40_complete_state_v1_traj_383,383,9.29057941001174,0.8555758415905884,6.887303266501329,11.4388073910514,9.32233962879363,9.258850176809146,-0.06348945198448419
l96_nx40_complete_state_v1_traj_384,384,9.29134554282112,0.8398148486241136,6.635725659095115,11.408824286534362,9.37338956559275,9.20938156299853,-0.16400800259422077
l96_nx40_complete_state_v1_traj_385,385,9.184978823074994,0.8606860311299853,6.478643780219089,11.903539374864764,9.226346303768128,9.143651700899603,-0.08269460286852492
l96_nx40_complete_state_v1_traj_386,386,9.344121646085618,0.9758919965303393,6.739837720055272,12.507959293379816,9.476315886713696,9.212056375448396,-0.26425951126529945
l96_nx40_complete_state_v1_traj_387,387,9.288735286752875,0.9789138951016507,7.031259612253985,12.184141565909902,9.290860640590092,9.2866120064316,-0.004248634158491527
l96_nx40_complete_state_v1_traj_388,388,9.390189811317835,0.9973349769470593,7.313478106823288,12.550022089296924,9.279871445328613,9.50040054963292,0.2205291043043065
l96_nx40_complete_state_v1_traj_389,389,9.413591740119363,0.8862857004851746,7.225246692816552,12.192032206209062,9.414423917853455,9.412760374265991,-0.0016635435874636784
l96_nx40_complete_state_v1_traj_390,390,9.515144697007944,1.0512082963323344,6.780203951862559,12.454251400567955,9.50331400418008,9.526963847696464,0.02364984351638455
l96_nx40_complete_state_v1_traj_391,391,9.507879034786841,0.871988751885479,6.768233117467756,12.007950313006006,9.478807064916335,9.536922641759919,0.05811557684358348
l96_nx40_complete_state_v1_traj_392,392,9.499988845500704,1.0149326322012449,6.457039725926061,12.031138596324032,9.445181294749458,9.554742925470736,0.10956163072127723
l96_nx40_complete_state_v1_traj_393,393,9.208785446618494,0.8443338849950626,7.0268564645510265,11.922067976436981,9.322400544465223,9.09528119276967,-0.22711935169555275
l96_nx40_complete_state_v1_traj_394,394,9.196118939709484,0.8852706407449838,6.586869739259354,12.289400815582734,9.221329385950899,9.170933089025379,-0.050396296925519835
l96_nx40_complete_state_v1_traj_395,395,9.477457864224881,0.9106030807276332,6.959862132492065,12.196266487790286,9.430231775805355,9.524637878411808,0.09440610260645244
l96_nx40_complete_state_v1_traj_396,396,9.407779904052815,0.9481262632108849,7.274990974956398,12.134769712111728,9.59825844608366,9.217487194745905,-0.38077125133775525
l96_nx40_complete_state_v1_traj_397,397,9.487576902856766,0.9380303889806993,6.582658935476148,12.226477938637384,9.402016617756225,9.573053714508431,0.17103709675220635
l96_nx40_complete_state_v1_traj_398,398,9.479737373983548,1.0186423324157634,6.329768614440367,13.200878482023734,9.460674484737794,9.498781665288577,0.038107180550783326
l96_nx40_complete_state_v1_traj_399,399,9.304707314819005,1.0254825781346752,6.344148230283079,13.33422063377624,9.27498835403151,9.334397281498411,0.05940892746690096
l96_nx40_complete_state_v1_traj_400,400,9.39900499123417,0.9671418570821224,6.615187095443105,11.74606364937294,9.357723095679304,9.440246611768984,0.08252351608967956
l96_nx40_complete_state_v1_traj_401,401,9.471404972262897,0.9222005016155074,7.103384866968883,13.28932640202098,9.348517896196455,9.594172158499036,0.24565426230258147
l96_nx40_complete_state_v1_traj_402,402,9.463476883038828,0.9980913768013571,7.009072066022156,11.6948449776856,9.46489686095734,9.462058290464633,-0.002838570492707859
l96_nx40_complete_state_v1_traj_403,403,9.572790608623627,1.0128106887874713,6.183270538084826,12.579684086130971,9.61183581255632,9.533783497572816,-0.07805231498350373
l96_nx40_complete_state_v1_traj_404,404,9.196548951427165,0.8770193632925595,7.096412502184745,11.891440872045623,8.997588122844343,9.395315671884534,0.3977275490401908
l96_nx40_complete_state_v1_traj_405,405,9.281546589154736,0.8478869531720421,6.094226385751368,11.357454467548187,9.227895612425945,9.335145223467206,0.10724961104126152
l96_nx40_complete_state_v1_traj_406,406,9.249515657300902,0.8427897327370243,6.765518116263086,11.328093238637575,9.35596930875706,9.143165863065674,-0.21280344569138698
l96_nx40_complete_state_v1_traj_407,407,9.403381582328965,0.9781026746334206,6.855208636375425,12.439465949543981,9.186897060987294,9.619654899259572,0.43275783827227876
l96_nx40_complete_state_v1_traj_408,408,9.379811278578225,0.9310032463114262,7.101022407956242,12.442998439060396,9.28092549207204,9.478600591146352,0.1976750990743117
l96_nx40_complete_state_v1_traj_409,409,9.328834265007064,0.9302115709467963,7.175539507494531,12.284410257935859,9.44586382396442,9.211918881229185,-0.23394494273523492
l96_nx40_complete_state_v1_traj_410,410,9.453844220573504,1.0165237189468759,6.862206195136186,12.355003744300268,9.484499850762118,9.42321849831677,-0.0612813524453486
l96_nx40_complete_state_v1_traj_411,411,9.313961628786032,0.8872918239054768,6.966653651847946,12.587515923384354,9.349882323338749,9.27807597881337,-0.07180634452537937
l96_nx40_complete_state_v1_traj_412,412,9.437647784381841,0.9815349382051811,7.023388863311434,12.351785861742208,9.543333299068834,9.332065377514054,-0.21126792155478036
l96_nx40_complete_state_v1_traj_413,413,9.310820518249855,0.8880700641811528,6.875906547621561,11.570295563433445,9.21359531966973,9.407950862977705,0.19435554330797444
l96_nx40_complete_state_v1_traj_414,414,9.341256797839618,0.9323049182937582,7.055497219157881,11.693369980573834,9.417437974176773,9.265149944601328,-0.15228802957544474
l96_nx40_complete_state_v1_traj_415,415,9.423617435102546,0.9424532100102216,6.351191354732406,12.19743271598767,9.5384886264882,9.308858313171898,-0.22963031331630113
l96_nx40_complete_state_v1_traj_416,416,9.171316475262996,0.9333677857786306,6.892046514213414,11.876050077275007,9.220285424166564,9.122395300943726,-0.09789012322283774
l96_nx40_complete_state_v1_traj_417,417,9.492782053245392,0.8922783546561357,7.062930613567896,12.290575311492548,9.55497995720663,9.430644830166072,-0.12433512704055794
l96_nx40_complete_state_v1_traj_418,418,9.430840833483364,0.9303539585864525,6.348569352620561,12.40697344420228,9.4784980692285,9.383230092602371,-0.09526797662612907
l96_nx40_complete_state_v1_traj_419,419,9.435413361667495,0.8333417285043626,7.314087611525558,11.771572906017433,9.465513778763452,9.405342310832122,-0.06017146793132966
l96_nx40_complete_state_v1_traj_420,420,9.48112143358275,0.9092748984777377,7.340948385046881,12.354453332802231,9.533762248891907,9.428531975166573,-0.10523027372533456
l96_nx40_complete_state_v1_traj_421,421,9.450942812226172,0.9175462014479565,6.963958089925656,12.51048931136761,9.442260007602972,9.459617145820472,0.01735713821750018
l96_nx40_complete_state_v1_traj_422,422,9.561638634347094,0.9170002689872867,6.877855843190784,12.265517209596602,9.489257247828359,9.63394940487899,0.1446921570506312
l96_nx40_complete_state_v1_traj_423,423,9.290612498356722,0.907908653142538,6.5065557408474985,11.895394768304987,9.236908881618062,9.34426372132296,0.10735483970489845
l96_nx40_complete_state_v1_traj_424,424,9.351629913501778,1.021121339748951,7.038996818792805,12.04465197247621,9.340759184369194,9.362490037044967,0.02173085267577335
l96_nx40_complete_state_v1_traj_425,425,9.239419452469495,1.0187499246611191,6.922698534205805,12.50882359848406,9.309360928477004,9.16954621204833,-0.13981471642867405
l96_nx40_complete_state_v1_traj_426,426,9.531060856803364,1.0002845317242661,6.985927334525051,13.310738957784608,9.75609404694131,9.306247211241166,-0.4498468357001446
l96_nx40_complete_state_v1_traj_427,427,9.372655342993175,0.792028227382466,7.330578998306104,11.624023614013584,9.339063142969518,9.406214770138762,0.06715162716924361
l96_nx40_complete_state_v1_traj_428,428,9.67442363581075,1.0024387573448055,7.175862073606948,13.183509587380499,9.597558925392757,9.751213356267368,0.15365443087461017
l96_nx40_complete_state_v1_traj_429,429,9.41598951934412,1.016042214400542,7.212617449777889,12.669650227453136,9.622302686439125,9.209877633387741,-0.41242505305138444
l96_nx40_complete_state_v1_traj_430,430,9.372187520535409,0.8997115771655808,6.169857367750772,12.112183774211022,9.434487273512492,9.309948547805137,-0.12453872570735491
l96_nx40_complete_state_v1_traj_431,431,9.483901969524362,0.990558191550684,6.605522094745579,12.251918435641832,9.403768971612735,9.56395678890145,0.16018781728871545
l96_nx40_complete_state_v1_traj_432,432,9.353030051761323,0.9279925636850872,6.888030422783696,11.949467195194206,9.237171008287064,9.468776062022435,0.23160505373537177
l96_nx40_complete_state_v1_traj_433,433,9.53370943138242,0.8963364416794838,6.731022335334006,12.1436698985505,9.664861539162546,9.402685276878172,-0.26217626228437396
l96_nx40_complete_state_v1_traj_434,434,9.395825880683745,0.9266654212191406,6.5497862956936785,11.955105301624753,9.273429463731732,9.518102886497271,0.24467342276553872
l96_nx40_complete_state_v1_traj_435,435,9.221783705117248,0.8473488991947435,6.5497299136930165,12.327370148270436,9.299100827921015,9.144542013652798,-0.15455881426821705
l96_nx40_complete_state_v1_traj_436,436,9.359984288838193,0.9895578752918192,6.915745717820587,11.78164024553734,9.277418852157169,9.442469173873672,0.16505032171650313
l96_nx40_complete_state_v1_traj_437,437,9.474590686692496,0.9467836024180271,7.312428404857421,12.715058343311131,9.478210044456475,9.470974860009267,-0.007235184447207388
l96_nx40_complete_state_v1_traj_438,438,9.576579651082064,0.9458407541153987,7.4562106469036395,12.526593870468052,9.543970387963746,9.609157100285145,0.06518671232139894
l96_nx40_complete_state_v1_traj_439,439,9.316109286085672,0.8210351494180631,6.930247647320796,11.820143616240191,9.391783931346383,9.240508469747168,-0.1512754615992158
l96_nx40_complete_state_v1_traj_440,440,9.3619111444765,0.9471134806437908,6.974963805178649,12.188420488441976,9.479904366424666,9.24403303786682,-0.23587132855784532
l96_nx40_complete_state_v1_traj_441,441,9.21077090218462,0.9272576696552229,6.761813181477796,11.608586221682858,9.317713325063464,9.103932813376872,-0.21378051168659162
l96_nx40_complete_state_v1_traj_442,442,9.505859744054336,1.0096168300865795,7.045295662760172,12.925894155687146,9.789475455158385,9.222520731205021,-0.5669547239533639
l96_nx40_complete_state_v1_traj_443,443,9.277805183159805,0.9075413269391189,6.490776362897714,11.71282843617459,9.142532166004692,9.412946226639646,0.27041406063495366
l96_nx40_complete_state_v1_traj_444,444,9.434379933804825,0.9362514939735107,7.107484097281033,12.23725217780484,9.640711771560797,9.228249395402756,-0.41246237615804127
l96_nx40_complete_state_v1_traj_445,445,9.420611036792907,0.9565796400926563,6.537056856113649,12.196778199718725,9.500466243950628,9.340833737154373,-0.15963250679625496
l96_nx40_complete_state_v1_traj_446,446,9.562693694208853,0.9689842124887624,7.304004041748909,12.771346968196159,9.549791346189682,9.575583454571422,0.025792108381740064
l96_nx40_complete_state_v1_traj_447,447,9.097517858433712,0.8810040157091019,6.741176718291908,11.749290479578582,9.1928773959259,9.002251354636643,-0.19062604128925642
l96_nx40_complete_state_v1_traj_448,448,9.4659805268414,0.9082792674233895,6.985664087454923,13.047363182872349,9.343114404722638,9.588726779572733,0.24561237485009535
l96_nx40_complete_state_v1_traj_449,449,9.356252197014774,0.7943216971638728,7.4136520550766605,11.83082219936982,9.292695874405407,9.419746513455742,0.12705063905033498
l96_nx40_complete_state_v1_traj_450,450,9.400326765805037,0.9015232139365823,6.893940836786224,11.748067470594545,9.476875836997948,9.323852376632804,-0.15302346036514436
l96_nx40_complete_state_v1_traj_451,451,9.49229305794235,0.952547490609776,6.682572564251141,12.128487465083868,9.571823640358803,9.412840066338017,-0.15898357402078567
l96_nx40_complete_state_v1_traj_452,452,9.340644618583259,0.9318338296232133,6.308674223959377,12.233666019364986,9.166100943066105,9.515018007587711,0.348917064521606
l96_nx40_complete_state_v1_traj_453,453,9.21337386667731,0.872253095844866,6.846595357684263,12.518994979031028,9.273155002860879,9.153651053553437,-0.11950394930744146
l96_nx40_complete_state_v1_traj_454,454,9.497054913769146,0.8608521849175422,7.207868422352709,11.840071578414458,9.525423639549826,9.4687138647941,-0.05670977475572592
l96_nx40_complete_state_v1_traj_455,455,9.471193920282117,0.9019164150316487,7.269522047798413,13.361393453708905,9.395062143581491,9.54725142207864,0.1521892784971488
l96_nx40_complete_state_v1_traj_456,456,9.37172505499623,0.9252778283391558,6.749373369933053,12.01566131267387,9.208713387088283,9.534577687130607,0.3258643000423245
l96_nx40_complete_state_v1_traj_457,457,9.17836044733449,0.9376399324404704,6.249839868812357,11.99510600729073,9.158717456819183,9.19798427395661,0.03926681713742752
l96_nx40_complete_state_v1_traj_458,458,9.322554692335439,0.881236108430644,7.086195538182354,11.36697740892761,9.413637018337194,9.231561227139535,-0.1820757911976596
l96_nx40_complete_state_v1_traj_459,459,9.215426185792406,0.9591304502057931,6.167378083370358,11.637981267266095,9.107447771347623,9.323299255442604,0.21585148409498167
l96_nx40_complete_state_v1_traj_460,460,9.662029780694908,1.006528961125713,6.858465048593514,12.841997628825727,9.721610710726639,9.602506978399791,-0.11910373232684712
l96_nx40_complete_state_v1_traj_461,461,9.240219314855471,0.8339487197207772,7.0182905441056205,11.97111815322751,9.237629350243214,9.242806752672985,0.00517740242977105
l96_nx40_complete_state_v1_traj_462,462,9.355396846367707,0.897747707494613,7.292659234078959,11.967325044262491,9.315952614597979,9.3948025959601,0.0788499813621204
l96_nx40_complete_state_v1_traj_463,463,9.414737489052028,0.89358251071266,7.198626436237376,12.042661903458868,9.417312910689104,9.412164580021416,-0.005148330667687162
l96_nx40_complete_state_v1_traj_464,464,9.487758988990267,0.9529902228965622,7.1601510522568415,12.850848998492575,9.257664443132542,9.717629052364227,0.4599646092316849
l96_nx40_complete_state_v1_traj_465,465,9.474064420033404,0.9773292564437392,7.263751756169479,13.086432454901058,9.37255122324385,9.575478579557792,0.20292735631394265
l96_nx40_complete_state_v1_traj_466,466,9.238495954541856,0.9552855179778256,6.539323616612508,11.498603618461239,9.146342407891998,9.33055959529254,0.1842171874005416
l96_nx40_complete_state_v1_traj_467,467,9.391501457993312,0.8714084656938094,7.372156235546107,11.976300391403417,9.107698928881051,9.675027106589368,0.5673281777083172
l96_nx40_complete_state_v1_traj_468,468,9.505608988750645,0.9726869169855029,6.57763101188862,12.629392711763836,9.528802140011237,9.4824384649547,-0.04636367505653638
l96_nx40_complete_state_v1_traj_469,469,9.254855194893693,0.9851620003247296,6.859967054681491,13.042256689241473,9.130944512344739,9.378644988971867,0.2477004766271289
l96_nx40_complete_state_v1_traj_470,470,9.4473509007446,1.141065642094962,6.576939728899816,12.840315580860857,9.584854432278696,9.309981518997361,-0.27487291328133523
l96_nx40_complete_state_v1_traj_471,471,9.25984849168885,1.0182550083744213,6.92302958383997,12.268353547636636,9.268104942415448,9.251600096036123,-0.016504846379325144
l96_nx40_complete_state_v1_traj_472,472,9.534933593391608,0.9209398374228736,7.278727665176556,12.737013298331075,9.64327233692271,9.42670054619566,-0.21657179072705013
l96_nx40_complete_state_v1_traj_473,473,9.510711033913038,1.086189737442359,6.804996014243369,13.014413288831657,9.641944725923182,9.379605374773144,-0.2623393511500378
l96_nx40_complete_state_v1_traj_474,474,9.25946711389589,0.9289461949689495,6.842749991045322,11.794906544668297,9.166031103194138,9.352811967514029,0.18678086431989094
l96_nx40_complete_state_v1_traj_475,475,9.378228961920787,1.040551263169069,7.031031916910908,12.340821785674326,9.340249628105951,9.416171242727017,0.07592161462106617
l96_nx40_complete_state_v1_traj_476,476,9.499480102801904,0.8061513650592488,7.285114304359558,12.051860163339551,9.617504506994587,9.381570844369403,-0.23593366262518423
l96_nx40_complete_state_v1_traj_477,477,9.325697678580033,0.9349846675220356,6.765003310945414,12.101374383532601,9.17183694785726,9.479408301272828,0.3075713534155682
l96_nx40_complete_state_v1_traj_478,478,9.43660795824557,1.0682422340263797,6.316158806456163,12.428565276262635,9.368959845661127,9.504190072671394,0.13523022701026655
l96_nx40_complete_state_v1_traj_479,479,9.563972678563923,0.9979165162650155,7.121886612740681,12.785476832684633,9.513719489880346,9.61417683974635,0.1004573498660033
l96_nx40_complete_state_v1_traj_480,480,9.402527675957291,0.9045745532231776,7.093727351093262,12.029698947297671,9.558924509824228,9.246283424367308,-0.3126410854569208
