object_id,base_system,control_role,trajectory_id,split_id,matched_key,state_samples,control_samples,state_time_start,state_time_end,control_time_start,control_time_end,state_1_min,state_1_max,state_2_min,state_2_max,control_min,control_max,control_mean,control_std
linosc_augaut,linosc,augaut,1,train,linosc:1:1,2001,2000,0,20,0,19.99,-1.70032,1.74816,-1.99674,1.97129,-0.727695,0.698809,0.0338916,0.458019
linosc_addc,linosc,addc,1,train,linosc:1:1,2001,2000,0,20,0,19.99,-1.70032,1.74816,-1.99674,1.97129,-0.727695,0.698809,0.0338916,0.458019
linosc_bilinc,linosc,bilinc,1,train,linosc:1:1,2001,2000,0,20,0,19.99,-1.05935,1.30421,-1.3849,1.89001,-0.727695,0.698809,0.0338916,0.458019
duffing_augaut,duffing,augaut,1,train,duffing:1:1,2001,2000,0,20,0,19.99,-1.59519,1.6118,-1.2277,1.20855,-0.727695,0.698809,0.0338916,0.458019
duffing_addc,duffing,addc,1,train,duffing:1:1,2001,2000,0,20,0,19.99,-1.59519,1.6118,-1.2277,1.20855,-0.727695,0.698809,0.0338916,0.458019
duffing_bilinc,duffing,bilinc,1,train,duffing:1:1,2001,2000,0,20,0,19.99,0.378632,1.34636,-0.502962,0.613186,-0.727695,0.698809,0.0338916,0.458019
vdp_augaut,vdp,augaut,1,train,vdp:1:1,2001,2000,0,20,0,19.99,-2.56791,2.06698,-2.96675,2.94569,-0.727695,0.698809,0.0338916,0.458019
vdp_addc,vdp,addc,1,train,vdp:1:1,2001,2000,0,20,0,19.99,-2.56791,2.06698,-2.96675,2.94569,-0.727695,0.698809,0.0338916,0.458019
vdp_bilinc,vdp,bilinc,1,train,vdp:1:1,2001,2000,0,20,0,19.99,-2.56791,2.10065,-2.65948,2.86418,-0.727695,0.698809,0.0338916,0.458019
pendulum_augaut,pendulum,augaut,1,train,pendulum:1:1,2001,2000,0,20,0,19.99,-2.12736,2.44568,-5.83398,5.43034,-0.727695,0.698809,0.0338916,0.458019
pendulum_addc,pendulum,addc,1,train,pendulum:1:1,2001,2000,0,20,0,19.99,-2.12736,2.44568,-5.83398,5.43034,-0.727695,0.698809,0.0338916,0.458019
pendulum_bilinc,pendulum,bilinc,1,train,pendulum:1:1,2001,2000,0,20,0,19.99,-2.11587,2.44568,-5.81761,5.21612,-0.727695,0.698809,0.0338916,0.458019
duffing_hf_augaut,duffing_hf,augaut,280,train,duffing_hf:280,2000,1999,0,3.998,0,3.996,-0.00250145,0.00267094,-0.186008,0.189714,-17.847,19.6708,0.00173982,5.59934
duffing_hf_addc,duffing_hf,addc,280,train,duffing_hf:280,2000,1999,0,3.998,0,3.996,-0.00250145,0.00267094,-0.186008,0.189714,-17.847,19.6708,0.00173982,5.59934
duffing_hf_bilinc,duffing_hf,bilinc,280,train,duffing_hf:280,2000,1999,0,3.998,0,3.996,-0.00724768,0.00724755,-0.854576,0.85458,-0.892349,0.983538,8.69918e-05,0.279967
