rho,selected,passed,persistence_passing_fraction,persistence_ratio_median,work_damping_abs_ratio_median,tail_high_frequency_energy_ratio_median,state_max_abs
1.25,false,false,0,7.20322e-26,0.114966,1.89515e-34,0.414439
1.5,false,false,0,9.16831e-26,0.135833,2.59813e-34,0.422175
2,false,false,0,1.0654e-24,0.170015,5.30683e-32,0.43753
2.5,false,false,0,3.33988e-23,0.199134,5.21559e-29,0.45273
3,false,false,0,8.4434e-22,0.253472,3.29874e-26,0.467774
4,false,false,0,9.59935e-18,0.338976,4.96353e-18,0.497391
5,false,false,0,2.34659e-15,0.448059,4.58714e-13,0.526377
6,false,false,0,3.81516e-13,0.556558,1.24472e-08,0.554729
7,false,false,0,4.6852e-14,0.696416,3.2134e-10,0.582444
8,false,false,0,7.85782e-07,0.806314,0.195972,0.609519
9,false,false,0,0.0123775,0.893526,0.229746,0.635952
10,true,true,0.65625,0.652011,0.976516,0.300217,0.73192
12,false,true,1,0.974181,0.994992,0.341706,0.906966
